"Timestamp","What went wrong?"
"2022/10/13 11:42:05 a.m. AST","Nothing, just didnt have enough time to complete."
"2022/10/13 11:42:12 a.m. AST","Lack of communication"
"2022/10/13 11:42:14 a.m. AST","Not enough time"
"2022/10/13 11:42:19 a.m. AST","lack of communication"
"2022/10/13 11:42:23 a.m. AST","I think what went wrong was that people were not able to communicate well or at all and that lead to confusion and the failure of the challenge activity. "
"2022/10/13 11:42:30 a.m. AST","I didn't understand the instructions "
"2022/10/13 11:42:32 a.m. AST","not enough time "
"2022/10/13 11:42:48 a.m. AST","We didn't work together as a class for the activity"
"2022/10/13 11:42:56 a.m. AST","the classroom didn't communicate with one another about the activity."
"2022/10/13 11:42:56 a.m. AST","We were never told that it is a contributive text editor and my answers got deleted after spending a few minutes typing them so i had to retype them all and didn't have enough time."
"2022/10/13 11:42:57 a.m. AST","To many questions "
"2022/10/13 11:42:57 a.m. AST","A communication gap"
"2022/10/13 11:42:59 a.m. AST","need"
"2022/10/13 11:43:13 a.m. AST","was unable to see live updates of the questions other students answered "
"2022/10/13 11:43:23 a.m. AST","I couldn't see what other people were typing in the student answer section, so I did not have enough time to finish the questions"
"2022/10/13 11:43:25 a.m. AST","was late and had 10 seconds to read instructions before we began"
"2022/10/13 11:43:30 a.m. AST","It's hard to understand things under pressure "
"2022/10/13 11:44:57 a.m. AST","probably due to less cooperation and due to less of awareness  of what other team members were doing , we were unable to submit  on time"
"2022/10/13 11:45:52 a.m. AST","Multiple things. Not only would answers delete, the platform itself was ineffective and time consuming. Constantly, one would have to scroll up and down rather than have a direct reference within sight. On top of that, instructions were unclear. Specifically, regarding the student's answer which appears to be a communal thing even though the instructions themselves say this is to be done alone and written below in the comments box but then why can the comments be changed by whoever? It is increasingly frustrating and even though I had finished several questions, had to stop the activity as I did not want to rewrite them and still not achieve my goal."
"2022/10/13 12:01:40 p.m. AST","told me if you want to change your e-mail"
"2022/10/13 12:06:46 p.m. AST","Not enough time and lack of communication led to confusion"
"2022/10/13 12:09:27 p.m. AST","This course has helped me in my communication skills. I know where i need to focus while communication with others."