"Timestamp","What could have the class done differently?"
"2022/10/13 11:49:05 a.m. AST","Nothing."
"2022/10/13 11:49:19 a.m. AST","use video tool"
"2022/10/13 11:49:24 a.m. AST","give more feedback"
"2022/10/13 11:49:32 a.m. AST","organize better and have each person work on a single question"
"2022/10/13 11:49:38 a.m. AST","I think if the class communicated better they could have gotten more of the activity done faster and get more done. "
"2022/10/13 11:49:41 a.m. AST","came up with the answers together  "
"2022/10/13 11:49:43 a.m. AST","encourage students to work together"
"2022/10/13 11:49:48 a.m. AST","The class could have read the instructions carefully "
"2022/10/13 11:49:58 a.m. AST","We could have communicated before hand and worked on the question as a team."
"2022/10/13 11:50:01 a.m. AST","-the class could have communicated better. -could have coordinated who does which question of the activity."
"2022/10/13 11:50:06 a.m. AST","could have messaged on piazza what number they were doing"
"2022/10/13 11:50:06 a.m. AST","We could have used the discussion section at the bottom below the text editor to post our answers so they wouldn't get deleted."
"2022/10/13 11:50:09 a.m. AST","maybe one person type down all the sentences and the rest contribute to the answers"
"2022/10/13 11:50:16 a.m. AST","use update material"
"2022/10/13 11:50:18 a.m. AST","We could've communicated properly via chat. "
"2022/10/13 11:50:31 a.m. AST","use snapchat"
"2022/10/13 11:50:42 a.m. AST","The communication wasn't effective"
"2022/10/13 11:50:46 a.m. AST","More discussions on piazza, interacting actions, taking small tasks to complete the task in short period of time, dividing work among one another"
"2022/10/13 11:50:47 a.m. AST","Could have assigned people to certain questions "
"2022/10/13 11:50:53 a.m. AST","- asked the teacher for a more in depth explanation. "
"2022/10/13 11:51:02 a.m. AST","Could have worked faster"
"2022/10/13 11:51:42 a.m. AST","if the class was aloowed to do face to face communication then students can easily discuss and   divide the questions and  may be  cooperation can lead to successful completion of this activity"
"2022/10/13 11:53:18 a.m. AST","asked each other questions "
"2022/10/13 12:07:41 p.m. AST","smoother communication wouldve allowed efficiency "
"2022/10/13 12:08:18 p.m. AST","jamboard - student really enjoy that time in jamboard    ,    kahoot is really amazing app, professor get the overall idea that how many student in the class are giving attention."
"2022/10/13 12:13:18 p.m. AST","Some students may have felt separated . "