"Timestamp","In how many ways has Madan Tupgar failed to be civil in this e-mail to his professor? Be specific, describe each ""way"".","What connections have you made to the textbook chapter? is Madan's writing efficient? ethical? persuasive? ","How do you think Dr. Harding McAllister will react to this message?","What implications might there be for Madan?"
"2022/10/20 11:52:58 a.m. AST","hey prof harding
all you have to do is print out","no its not efficient or ethical or persuasive","Dr. Harding  should fail him.","Just fail him."
"2022/10/20 11:55:08 a.m. AST","Three ways","It is quite efficient and ethical. It makes me to have the idea about how to write well.","Suprise","Professional"
"2022/10/20 11:55:47 a.m. AST","He failed to be civil in his greeting to the professor. He is also using horrible grammar and spelling which will make the email hard to read. He is very rude to the professor by saying he didn’t do the assignment and telling the professor that they should teach the class differently. Basically the entire email is not civil.","His writing is not efficient, ethical or persuasive. It is rude, aggressive, and places blame.","I think he will react the way anyone would, very angrily and wont be responsive to the idea that Madan has expressed. ","I think Madan will loose marks and maybe even be graded a zero. He could also be reported to admin for being disrespectful to the professor."
"2022/10/20 11:57:05 a.m. AST","grammatical errors , improper salutation,  the email is not written in a respectful manner","no","probably , he may get angry or he may not understand the email due to lot of errors ","actually Madan will not get expected results from professor due to lot of errors in his email and may be professor get angry over him because of the last lines used in e-mail . "
"2022/10/20 11:57:22 a.m. AST","8","It's an eyesore. ""Mr. T"" was incredibly rude and inefficient in his e-mail correspondence. Amidst many grammatical errors, he uses an informal and improper e-mail for such correspondence. Furthermore, he writes about the assignment and how he chooses not to do it purely on the basis of him not liking it. Once again, inappropriate. However, it becomes increasingly more insulting as he continues on to belittle her assignment and tell her that she 'should study [his own assignment from high school]' and how she can learn something from him. While not only is this e-mail confrontational, it is also just incredibly insulting and unprofessional.   ","Not well and nor should he.","Academic implications depending on how it is perceived by Dr. Harding McAllister. There may have to be a formal case also done on Madan regarding his disregard towards those in higher authority than he and the confrontational aspect of his message."
"2022/10/20 11:58:12 a.m. AST","They were informal, disrespectful, using incorrect grammar.


","Madan's methods were not consistent with the textbook. They were not efficient, ethical. or persuasive at all.","They would feel disrespected and offended","Dr.Harding McAllister would give an automatic zero to Madan on their assignment or would take further disciplinary action."
"2022/10/20 11:59:05 a.m. AST","Improper grammar, bad spelling, speaking casually. Too much fluff.","His writing is not efficient, its full of fluff, its not ethical as he should have just done said assignment. Its hardly persuasive either since he basically just says that the prof is wrong and goes on multiple tangents.","probably rather negatively. ","Lost marks or worse? its a very negative message, the professor may not have good impressions about him which could result in disfavor-able situations in the future."
"2022/10/20 11:59:46 a.m. AST","Madan does not use a subject for email. It is a formal letter so there should be subject in the email. Second thing is that he does not follow rules of grammar, he just used informal language while sending email to his professor.","persuasive","Dr. Harding McAllister will react this message very wisely for the first time but after she will definitely teach to Madan that what are the effective way to send emails for professional purposes.","Several implications might be there for Madan such as he did not know have proper knowledge about the syntax of email."
"2022/10/20 12:00:16 p.m. AST","Madan failed in many ways like in punctuation,spelling errors, informal way of writing, unclear and undefined message.","There was no connection made by madan instead the language used is very informal and unethical","Being a teacher of madan, Dr. H will be displeased after reading this.","Since Madan decided to submit his assignment against the rule, he might get a penalty."
"2022/10/20 12:00:24 p.m. AST","Madan's email has a lot of grammar and punctuation errors.
He writes in a very informal way like he is talking with his friends. 
He was rude with the professor when he says what he thinks the professor needs to do.
","No, Madan's writing isn't efficient, nor ethical, nor persuasive. It's the opposite: inefficient and unethical. ","Dr. Harding McAllister will not consider Madan's assignment and give him a zero. ","Madan might be suspended from college. "
"2022/10/20 12:00:25 p.m. AST","1. Misspelling and grammar mistakes (eg. teh (the), hot (how), u (you), not using capitalization, some spaces after periods are missing)
2. Criticizing the professors teaching and comparing it to high school work (saying they don't like approach as a reason to not to the assignment)
3. Insincere apology","No, it is not efficient as I have learned in the textbook that you must connect with your audience which Madan is not doing and instead coming off as slightly offensive towards the professors work. I also learned that if you are going to try and make an argument for why something should change, persuasive evidence and reasons to why that should change should be included which I can see have not.","They will react poorly as the email is very unprofessional and informal, their teaching style and methods were unjustly criticized, there was very poor grammar and incomplete/half sentences, and the student will not be getting any more leniency for their missing assignment",""
"2022/10/20 12:00:33 p.m. AST","Five ways. It requires the professor to do something instead of asking for help.","I don't think it will be efficient. Beacause it makes people uncomfortable.","Will ignore this message","Don't how to write an email well"
"2022/10/20 12:00:37 p.m. AST","Madan Tupgar writes his email in a very casual tone of voice, makes numerous spelling mistakes, and he talks down to the professor by offering unprompted for advice","Madan's writing is persuasive , although it does not do a very good job at it","Dr Harding will not react positively to the letter","Madan might get a 0% on the assignment for not handing it in the appropriate way and writing a very poorly worded email trying to excuse himself"
"2022/10/20 12:00:43 p.m. AST","The student improperly addressed the professor and treated him or her in a highly rude manner.
The student spelled words poorly or use proper grammar or punctuation.
Additionally, the conclusion was written quite poorly.","The writer was not being neither efficient, ethical, nor persuasive with their tone.","Dr. Harding will most likely ignore this message as it seems to be sending an immature signal from the writer","If not expelled, Madan would most likely be dealt with academically for his tone with the professor."
"2022/10/20 12:00:44 p.m. AST","Demanded that the teacher works on how they teach the course, tells the teacher to print out their own assignment. ","Inappropriate email, improper grammar.","Frustrated and annoyed ","A failed assignment because it wasn't done correctly."
"2022/10/20 12:00:53 p.m. AST","Criticizing the teaching method of the professor. ""I think you must not be familiar with the approach we learned in High school.""","It is not efficient or effective or persuasive. It is only insulting to the teachers intelligence.","I think the prof will be frustrated and offended.","punishment"
"2022/10/20 12:01:06 p.m. AST","Not using proper grammar, misspellings, slangs, not using punctuations properly. Insulting the professor by telling him to learn the ""high school approach"".","It is none of those. This writing is very informal and should only used for friends.","He will laugh at how low level the students writing skills are and for telling him to learn the ""high school approach"" ","Madan should learn some formal writing and be professional. "
"2022/10/20 12:01:38 p.m. AST","14
1) unprofessional greeting
2)did not have proper signature and way to respond
","the writing is not efficient, ethical, or persuasive. Its efficient because it jumps all over the place and doesn't clearly say what the email is about making it hard to follow and understand. Its not ethical due to poor spelling and use of grammar. The email is not persuasive as well due to instead of communicating why they are having trouble, blaming the professor and their teaching style and methods. ","Not want to help the student due to them being disrespectful, not taking the time to correctly spell, as well as insulting the professors teaching style","might not get as much support, assistance or accommodation in the future"
"2022/10/20 12:04:15 p.m. AST","The very beginning on how Madan Tupgar adresses the professor is kind of rude, the person said ""hey"" and when saying ""professor"" the person insted say ""prof"" to show lazyness or lack of formality and even the professor's name is not adressed on first letter capital which show that's a person's last name. 
The pharagraph it's just a mess, the beginning wasn't start as a capital letter and insted of apologizing for missing a class and submitting a report, the person instead ask the professor to do stuff for the professor to mark. The wording and phrasing is not properly written and other than it even criticize the professor by not liking its approach and even telling the professor to do it the way they do it and trying to learn from them. 
Overall the entire letter wasn't only a mess but also a criticism toward the professor ","Madan's writing is not efficient, ethical or persuasive. The approach is bad and even the try to approach is professional or act professionally is bad.","Dr. Hardling McAllister will react confused first and not even sure how to response to the email since the grammar was bad and also the student was lack of formality. ","Show formality and be proffesional"
"2022/10/20 12:07:01 p.m. AST","-came off as aggressive
-greeting
-the lack of care","NO, no and NO","I think Dr.Harding McAllister would laugh in his face and not even pay attention to it. I personally would think it was a prank if I was that teacher.","In this scenario I think the teacher would probably suspend him or try to transfer him to a special needs program."
"2022/10/20 12:16:30 p.m. AST","Madan Tupgar has failed to be civil in five ways. 
Madan missed subject of the email
Madan is being informal and writing all improper content.( by calling prof by hey)
Madan had done lot of punctuation mistakes( )
Improper grammar and spelling.


","Madan's writing is not efficient , ethical and persuasive at all","Dr.Harding McAllister will be not responding to email at all","Professor will be reminding Madan how to write Email."