"Timestamp","What could you (personally) have done differently?"
"2022/10/13 11:51:15 a.m. AST","asked questions in the piazza post"
"2022/10/13 11:51:23 a.m. AST","ask for help if not understand"
"2022/10/13 11:51:35 a.m. AST","Been in class on time"
"2022/10/13 11:51:41 a.m. AST","read the instructions better"
"2022/10/13 11:51:42 a.m. AST","make more of an effort to collaborate and communicate "
"2022/10/13 11:51:50 a.m. AST","be confident"
"2022/10/13 11:51:50 a.m. AST","Provided guidance and better instructions. Furthermore, I would have also used a platform that was more recognized by its users."
"2022/10/13 11:51:50 a.m. AST","I could have read carefully the instructions and concentrate on what it had do be done"
"2022/10/13 11:51:53 a.m. AST","Post my answers in the discussion section of the page so I wouldn't have to retype my answers when they got deleted"
"2022/10/13 11:52:03 a.m. AST","express my ideas better, worded things differently, read the instructions properly."
"2022/10/13 11:52:05 a.m. AST","don't hesitate to ask for confirmation on topics I wasn't sure about"
"2022/10/13 11:52:05 a.m. AST","worked on only one sentence instead of them all"
"2022/10/13 11:52:08 a.m. AST","I preferred to work by myself so maybe I could have just typed faster. I did have an issue with logging in Piazza."
"2022/10/13 11:52:10 a.m. AST","introduce myself"
"2022/10/13 11:52:15 a.m. AST","-me personally could have initiated conversation on how to finish the activity as quickly and efficient."
"2022/10/13 11:52:19 a.m. AST","Overall fairly thoughtful when confirming or debating the answer to a question"
"2022/10/13 11:52:24 a.m. AST","As me for, I had already done the required thing that had to be done for the activity so I would have not done anything differently for the activity. "
"2022/10/13 11:52:24 a.m. AST","I could have made my answering easy by choosing the answers first and the writing them as sentences to save time"
"2022/10/13 11:52:26 a.m. AST","Personally I could have been more vocal and asked the teacher to go over the class assignment again."
"2022/10/13 11:52:56 a.m. AST","discussing questions and their correct answers, dividing number of questions among one another to reduce time taken. "
"2022/10/13 11:54:01 a.m. AST","When I was writing the answers then someone else  submit the same answer at that moment . so , if  I had time to know that other student is typing the same answer then I may try to answer the another question"
"2022/10/13 12:08:12 p.m. AST","I would've attempted to communicate more clearly and managed by time better"
"2022/10/13 12:10:38 p.m. AST","I surf on the internet and get as much information I can about what professor taught me during the class. "
"2022/10/13 12:15:05 p.m. AST","i could have improve my communication skills."