"Timestamp","Are Kim's needs the same as those of Prof. Stroud?","Describe the ""you"" perspective? ","Is Kim's request reasonable? Does the communication contain any whining, criticizing, blaming, and demands?","How do you think Prof. Stroud will react to this message?","Why would he oppose Kim's recommended action?","Is the format of the memo correct? If not, identify the deviations.","Is Kim using plain English or Letterese?"
"2022/10/20 12:03:22 p.m. AST","yes","","blaming and demands","","","","plain English"
"2022/10/20 12:46:20 p.m. AST","yes? the professor should want people to pass.","","No it doesnt. Kims request is reasonable probably. perchance.","Probably positively. Its well written and contains problems and solutions.","Maybe it seems a bit passive aggressive, particularly with the quote from the october 12 class.","looks good to me!","probably plain english its direct and to the point."
"2022/10/20 12:47:29 p.m. AST","yes","The you perspective show that not only the students are having a hard time but also the professor.","Kim's request is reasonable due to the fact that not only she adresses all the problem she were having with her class but she also know what's problem and ways to solve it and to be better. ","Prof. Stroud will feel proud or relief cause the students are trying their best and find ways for them to meet his expectations.","He would oppose due to the fact that gaining outside help might put the students in plagiarism","The format of memo correct.","Yes. uwu"
"2022/10/20 12:51:35 p.m. AST","Kim's needs are not the same as those of Prof. Stroud's as they have different positions and duties. While they both have the mutual aim to succeed in their careers (whether academic or professional), their needs are different. ","The ""you"" perspective is built upon yourself and every singular thing that applies to you addressed to the reader. In the example provided, it is Kim appealing to Prof. Stroud through academic improvement.","Kim's requests are reasonable and responsible. ","I think Prof. Stroud will react amicably to this message because it is proper and appropriate. More than that, it shows how serious the students are taking their respective course and how eager they are to achieve success within it.","He may potentially oppose Kim's recommended action on the premise that it is more resource-consuming than alternative methods to improve the grades.","The memo format is mostly correct. However, in the way I have learned, I was taught to place the date on the left side with all the other relevant information. ","I cannot tell. "
"2022/10/20 12:52:29 p.m. AST","No, I don't think that the needs of both are same as Kim is more concerned about her grades . But as far as reading the email, prof. Stroud is not known yet. ","","","","","",""
"2022/10/20 12:53:52 p.m. AST","No kim's needs are not the same as of prof.Stroud","","I think Kim's request is reasonable as communication is key feature to understand and ","Prof.  Stroud will helping and arrange special arrangements for rest of students.","He will be asking rest of students ,if they don't want same if not he will be opposing kim's recommended action's ","I think format of memo is correct","kim is using Letterese"
"2022/10/20 12:54:02 p.m. AST","The needs of Kim are different from Prof. Stroud but they both are looking for the same end goal. Kim needs a good grade and Prof. Stroud needs a class with a higher-grade average. ","The “you” perspective describes the way that the reader perceives the message. ","Yes, her request is reasonable, and she has stated many reasons why this is the best option for the students getting a better grade and the professor having a higher-class average. No, she doesn’t whine, criticize, blame, or demand. She accepts blame and asks for help in finding a solution. ","I think he will react with a good attitude because she was respectful and had plenty of information to back up her claim of the best option. ","I don’t see a reason why he would oppose the action unless he maybe has a different solution he wants to share. ","Yes, she is using the correct format of a memo. ","Kim is using a mix of plain English and Letterese. "
"2022/10/20 12:54:56 p.m. AST","Yes, they both need the class to pass the course","Kim uses the you perspective to be very direct with the professor. She also uses it so sympathize with the professor's perspective in paragraph three.","No, it does not","I think the professor will react very positively since the email is well worded, respectful, and provides four different solutions to solving the problem.","He might have different solutions to the ones Kim is proposing.","The format of the memo is correct.","Plain English"
"2022/10/20 12:55:40 p.m. AST","","Here ""You"" is the Prof. Stroud's perspective and Kim tries to  explain her problem.","","","","",""
"2022/10/20 12:55:58 p.m. AST","yes","","no","professor will react in positive way and probably he will help to find tutors","","",""
"2022/10/20 12:56:12 p.m. AST","Yes, Kim and the other students need to pass the class and Prof. Stroud his/her students to pass the class","","Yes it is reasonable as she worded her email politely and professionally. Her communication has no wining, impoliteness,  blaming, or unreasonable demands.","With respect to their students and their concerns as a majority of the class is having issues, not just one person","If he strongly believes that his teaching is what should be expected of his class and that his assignments are not too difficult for the classes understanding","",""
"2022/10/20 12:57:02 p.m. AST","yes as they both want each other to pass.","","She does criticizing him for saying that they have an inadequate grasp of the english language. By specifying when they said it and that they focused it towards the whole class.","Impressed by how well executed that response was ","","I believe that it was formatted correctly with minor to no issues ","She using a combination of both as some sentences do feel like she's trying to make them more important then they actually are."
"2022/10/20 12:57:24 p.m. AST","","the professor wants students to learn english therefore he also corrects them","","","","",""
"2022/10/20 12:58:06 p.m. AST","Yes, as in both the students and professor want everybody to succeed","used as in talking directly to the professor ","yes, they are asking for help in succeeding and setting up a tutor with recommendation of anybody the professor may have previously known or taught","with accommodation to help the students succeed ","","",""
"2022/10/20 12:58:18 p.m. AST","No, she needs to pass in English 140","It's the audience's perspective ","Her request is not reasonable. The communication contains demands that are not the professor's problem. ","Prof. Stroud may or may not help her find a tutor. ","She offered only one solution","The format of the memo is correct, but it's missing the salutation","She is using plain English"
"2022/10/20 12:59:32 p.m. AST","yes","The students perspective of what the recipient(proffesor) needs to do.","The request is very reasonable. She outlines the the problem for many students in her english class but also suggests possible solutions.","The professor will likely adapt to one of the solutions described in kims email.","","",""
"2022/10/20 1:01:05 p.m. AST","Kim appears to want to succeed in the course and wants other students to succeed as well, so she has written a letter to the professor asking what can be done. She is demonstrating drive towards her academic objectives.","According to my interpretation of the situation, Kim is upset that their class isn't going as well as they need it to, and as a result, they've started an action that will make them more adept at it.","The Memorandum does not contain any whining or blaming. There were respectful demands and there is also criticism, however Kim is only criticizing themselves","Prof. Stroud will most likely go through the message and try to accommodate the students with their needs.","He wouldn't oppose Kims recommendations as they are completely ethical and practical ","","Kim is using a formal tone letterese"
"2022/10/20 1:01:12 p.m. AST","","","yes his request is reasonable and he is not criticizing , blaming , whining ","","","",""