"Timestamp","What stopped the class from achieving the goal?"
"2022/10/13 11:45:12 a.m. AST","The inability to communicate who was doing what "
"2022/10/13 11:45:40 a.m. AST","Didn't have enough time"
"2022/10/13 11:45:49 a.m. AST","no communication between each other no organization for who to do what questions"
"2022/10/13 11:46:04 a.m. AST","there was no communication among the class."
"2022/10/13 11:46:33 a.m. AST","Before assessing our resources we jumped into the activity and started to work on it. we were supposed to ask questions and communicate with each other "
"2022/10/13 11:46:44 a.m. AST","poor teamwork"
"2022/10/13 11:46:49 a.m. AST","The class did no know how to complete the exercise"
"2022/10/13 11:46:50 a.m. AST","Unplanned actions taking more time for each individual to complete the task"
"2022/10/13 11:47:01 a.m. AST","un trust"
"2022/10/13 11:47:03 a.m. AST","There was no communication because we all thought that we were writing individually and the first 4 questions i answered and fully typed out were deleted and i had to start over. We also could not verbally communicate so not everyone knew what was going on "
"2022/10/13 11:47:14 a.m. AST","selfish"
"2022/10/13 11:47:31 a.m. AST","Slow response to some questions. Flip flopping answers on questions we were unsure about"
"2022/10/13 11:47:34 a.m. AST","too lazy"
"2022/10/13 11:47:36 a.m. AST","No discussion, no opinions shared, no questions asked"
"2022/10/13 11:47:48 a.m. AST","timing"
"2022/10/13 11:47:59 a.m. AST","Multiple things. Poor instructions were given and no guidance was offered. A direct reference to this can be seen in the instructions themselves which state this should be done in the followup discussion. Midway through my discussion it was overwritten by another's work. Furthermore, it is poorly designed and needs us to scroll to not only read the answers but then copy and rewrite them."
"2022/10/13 11:48:08 a.m. AST","poor explanation of the assignment, if the whole class is failing then theirs a problem with the way the assignment is being delivered and needs to be re-evaluated. "
"2022/10/13 11:48:09 a.m. AST","lack of knowledge"
"2022/10/13 11:48:25 a.m. AST","little Confusing, less interacting  "
"2022/10/13 11:48:39 a.m. AST","lack of face to face communication, questions were not divided among individuals  so many people were editing the same question at same time that leads to time-wastage ,  lass familiarity with this type of  activities  may  be the another reason"
"2022/10/13 11:48:55 a.m. AST","What stopped this class from achieving the goal was a lack of communication between classmates. "
"2022/10/13 11:49:50 a.m. AST","The class wasn't focused enough"
"2022/10/13 12:03:14 p.m. AST","unity, inter-student communication , less attention"
"2022/10/13 12:07:10 p.m. AST","lack of communication"
"2022/10/13 12:11:36 p.m. AST","Nothing has stopped us in achieving our week lecture schedule."